Token Count,Step Count,Canonical,Non-canonical
100,250,-623.7204314,-398.4841293
250,400,-1412.640661,-985.8946772
400,500,-1814.961775,-1600.329771
500,600,-1966.654943,-1997.823681
750,750,-2930.863195,-2925.044833
900,900,-2921.253464,-3521.048261
1000,1000,-3372.210656,-3820.884584